file_name,extracted_field_mT
scan_1_62_923mT.txt,62.923
scan_2_58_8822mT.txt,58.8822
scan_3_55_3455mT.txt,55.3455
scan_4_51_9117mT.txt,51.9117
scan_5_49_0904mT.txt,49.0904
scan_6_46_3267mT.txt,46.3267
scan_7_43_9564mT.txt,43.9564
scan_8_41_4665mT.txt,41.4665
scan_9_39_8299mT.txt,39.8299
scan_10_38_0865mT.txt,38.0865
scan_11_36_8072mT.txt,36.8072
scan_12_35_6805mT.txt,35.6805
scan_13_34_6033mT.txt,34.6033
scan_14_33_9421mT.txt,33.9421
scan_15_32_9386mT.txt,32.9386
scan_16_31_9147mT.txt,31.9147
scan_17_31_1822mT.txt,31.1822
scan_18_30_8716mT.txt,30.8716
scan_19_31_5829mT.txt,31.5829
scan_20_33_36mT.txt,33.36
scan_21_36_1202mT.txt,36.1202
scan_22_39_4925mT.txt,39.4925
scan_23_43_0604mT.txt,43.0604
scan_24_46_47mT.txt,46.47
scan_25_49_4813mT.txt,49.4813
scan_26_51_9864mT.txt,51.9864
scan_27_53_993mT.txt,53.993
scan_28_55_5326mT.txt,55.5326
scan_29_56_7041mT.txt,56.7041
scan_30_57_5091mT.txt,57.5091
scan_31_58_0766mT.txt,58.0766
scan_32_58_3814mT.txt,58.3814
scan_33_58_44mT.txt,58.44
scan_34_58_2947mT.txt,58.2947
scan_35_57_9998mT.txt,57.9998
scan_36_57_7666mT.txt,57.7666
scan_37_57_8429mT.txt,57.8429
scan_38_58_4175mT.txt,58.4175
scan_39_59_5668mT.txt,59.5668
scan_40_61_1767mT.txt,61.1767
scan_41_62_9463mT.txt,62.9463
scan_42_64_4734mT.txt,64.4734
scan_43_65_4423mT.txt,65.4423
scan_44_65_7404mT.txt,65.7404
scan_45_65_4342mT.txt,65.4342
scan_46_64_6656mT.txt,64.6656
scan_47_63_5908mT.txt,63.5908
scan_48_62_3512mT.txt,62.3512
scan_49_61_0515mT.txt,61.0515
scan_50_59_798mT.txt,59.798
scan_51_58_6775mT.txt,58.6775
scan_52_57_7479mT.txt,57.7479
scan_53_57_0175mT.txt,57.0175
scan_54_56_3994mT.txt,56.3994
scan_55_55_7273mT.txt,55.7273
scan_56_54_7985mT.txt,54.7985
scan_57_53_4493mT.txt,53.4493
scan_58_51_6443mT.txt,51.6443
scan_59_49_506mT.txt,49.506
scan_60_47_2467mT.txt,47.2467
scan_61_45_072mT.txt,45.072
scan_62_43_135mT.txt,43.135
scan_63_41_5355mT.txt,41.5355
scan_64_40_3361mT.txt,40.3361
scan_65_39_5699mT.txt,39.5699
scan_66_39_2489mT.txt,39.2489
scan_67_39_3598mT.txt,39.3598
scan_68_39_8587mT.txt,39.8587
scan_69_40_6736mT.txt,40.6736
scan_70_41_7159mT.txt,41.7159
scan_71_42_9108mT.txt,42.9108
scan_72_44_2314mT.txt,44.2314
scan_73_45_7171mT.txt,45.7171
scan_74_47_4615mT.txt,47.4615
scan_75_49_5477mT.txt,49.5477
scan_76_51_9524mT.txt,51.9524
scan_77_54_5043mT.txt,54.5043
scan_78_56_9637mT.txt,56.9637
scan_79_59_1418mT.txt,59.1418
scan_80_60_955mT.txt,60.955
scan_81_62_4111mT.txt,62.4111
scan_82_63_5733mT.txt,63.5733
scan_83_64_5291mT.txt,64.5291
scan_84_65_3692mT.txt,65.3692
scan_85_66_1726mT.txt,66.1726
scan_86_66_9951mT.txt,66.9951
scan_87_67_8635mT.txt,67.8635
scan_88_68_7754mT.txt,68.7754
scan_89_69_7062mT.txt,69.7062
scan_90_70_6137mT.txt,70.6137
scan_91_71_432mT.txt,71.432
scan_92_72_0463mT.txt,72.0463
scan_93_72_2668mT.txt,72.2668
scan_94_71_8641mT.txt,71.8641
scan_95_70_6899mT.txt,70.6899
scan_96_68_7711mT.txt,68.7711
scan_97_66_274mT.txt,66.274
scan_98_63_4084mT.txt,63.4084
scan_99_60_361mT.txt,60.361
scan_100_57_2709mT.txt,57.2709
scan_101_54_2292mT.txt,54.2292
scan_102_51_2874mT.txt,51.2874
scan_103_48_4702mT.txt,48.4702
scan_104_45_788mT.txt,45.788
scan_105_43_2465mT.txt,43.2465
scan_106_40_8522mT.txt,40.8522
scan_107_38_613mT.txt,38.613
scan_108_36_5382mT.txt,36.5382
scan_109_34_6387mT.txt,34.6387
scan_110_32_9303mT.txt,32.9303
scan_111_31_4376mT.txt,31.4376
scan_112_30_1986mT.txt,30.1986
scan_113_29_2687mT.txt,29.2687
scan_114_28_729mT.txt,28.729
scan_115_28_6937mT.txt,28.6937
scan_116_29_3068mT.txt,29.3068
scan_117_30_7079mT.txt,30.7079
scan_118_32_9588mT.txt,32.9588
scan_119_35_9626mT.txt,35.9626
scan_120_39_4491mT.txt,39.4491
scan_121_43_0556mT.txt,43.0556
scan_122_46_4466mT.txt,46.4466
scan_123_49_3901mT.txt,49.3901
scan_124_51_7691mT.txt,51.7691
scan_125_53_5555mT.txt,53.5555
scan_126_54_7765mT.txt,54.7765
scan_127_55_4881mT.txt,55.4881
scan_128_55_7618mT.txt,55.7618
scan_129_55_6788mT.txt,55.6788
scan_130_55_3309mT.txt,55.3309
scan_131_54_8238mT.txt,54.8238
scan_132_54_2834mT.txt,54.2834
scan_133_53_859mT.txt,53.859
scan_134_53_7191mT.txt,53.7191
scan_135_54_0289mT.txt,54.0289
scan_136_54_9082mT.txt,54.9082
scan_137_56_3765mT.txt,56.3765
scan_138_58_2972mT.txt,58.2972
scan_139_60_3569mT.txt,60.3569
scan_140_62_1532mT.txt,62.1532
scan_141_63_3858mT.txt,63.3858
scan_142_63_9776mT.txt,63.9776
scan_143_64_0359mT.txt,64.0359
scan_144_63_7474mT.txt,63.7474
scan_145_63_3028mT.txt,63.3028
scan_146_62_8618mT.txt,62.8618
scan_147_62_5406mT.txt,62.5406
scan_148_62_4067mT.txt,62.4067
scan_149_62_4751mT.txt,62.4751
scan_150_62_7089mT.txt,62.7089
scan_151_63_0227mT.txt,63.0227
scan_152_63_2885mT.txt,63.2885
scan_153_63_3382mT.txt,63.3382
scan_154_62_9717mT.txt,62.9717
scan_155_62_0015mT.txt,62.0015
scan_156_60_3537mT.txt,60.3537
scan_157_58_1453mT.txt,58.1453
scan_158_55_632mT.txt,55.632
scan_159_53_0808mT.txt,53.0808
scan_160_50_6918mT.txt,50.6918
scan_161_48_5823mT.txt,48.5823
scan_162_46_7994mT.txt,46.7994
scan_163_45_3346mT.txt,45.3346
scan_164_44_1389mT.txt,44.1389
scan_165_43_1388mT.txt,43.1388
scan_166_42_2545mT.txt,42.2545
scan_167_41_418mT.txt,41.418
scan_168_40_5884mT.txt,40.5884
scan_169_39_761mT.txt,39.761
scan_170_38_971mT.txt,38.971
scan_171_38_2966mT.txt,38.2966
scan_172_37_8636mT.txt,37.8636
scan_173_37_847mT.txt,37.847
scan_174_38_4457mT.txt,38.4457
scan_175_39_8093mT.txt,39.8093
scan_176_41_9384mT.txt,41.9384
scan_177_44_6463mT.txt,44.6463
scan_178_47_6385mT.txt,47.6385
scan_179_50_6377mT.txt,50.6377
scan_180_53_4571mT.txt,53.4571
scan_181_56_0031mT.txt,56.0031
scan_182_58_2458mT.txt,58.2458
scan_183_60_1871mT.txt,60.1871
scan_184_61_8403mT.txt,61.8403
scan_185_63_2199mT.txt,63.2199
scan_186_64_3406mT.txt,64.3406
scan_187_65_2202mT.txt,65.2202
scan_188_65_8867mT.txt,65.8867
scan_189_66_3857mT.txt,66.3857
scan_190_66_7889mT.txt,66.7889
scan_191_67_1973mT.txt,67.1973
scan_192_67_7266mT.txt,67.7266
scan_193_68_4632mT.txt,68.4632
scan_194_69_3918mT.txt,69.3918
scan_195_70_3358mT.txt,70.3358
scan_196_70_981mT.txt,70.981
scan_197_71_009mT.txt,71.009
scan_198_70_2469mT.txt,70.2469
scan_199_68_7049mT.txt,68.7049
scan_200_66_5157mT.txt,66.5157
scan_201_63_8604mT.txt,63.8604
scan_202_60_9206mT.txt,60.9206
scan_203_57_857mT.txt,57.857
scan_204_54_7999mT.txt,54.7999
scan_205_51_8469mT.txt,51.8469
scan_206_49_0624mT.txt,49.0624
scan_207_46_4798mT.txt,46.4798
scan_208_44_1024mT.txt,44.1024
scan_209_41_9073mT.txt,41.9073
scan_210_39_8561mT.txt,39.8561
scan_211_37_9131mT.txt,37.9131
scan_212_36_0677mT.txt,36.0677
scan_213_34_3425mT.txt,34.3425
scan_214_32_7846mT.txt,32.7846
scan_215_31_4514mT.txt,31.4514
scan_216_30_4067mT.txt,30.4067
scan_217_29_7301mT.txt,29.7301
scan_218_29_5301mT.txt,29.5301
scan_219_29_949mT.txt,29.949
scan_220_31_1383mT.txt,31.1383
scan_221_33_1874mT.txt,33.1874
scan_222_36_0299mT.txt,36.0299
scan_223_39_4128mT.txt,39.4128
scan_224_42_9794mT.txt,42.9794
scan_225_46_3987mT.txt,46.3987
scan_226_49_4422mT.txt,49.4422
scan_227_51_9887mT.txt,51.9887
scan_228_53_9938mT.txt,53.9938
scan_229_55_46mT.txt,55.46
scan_230_56_4187mT.txt,56.4187
scan_231_56_9228mT.txt,56.9228
scan_232_57_0419mT.txt,57.0419
scan_233_56_8608mT.txt,56.8608
scan_234_56_4795mT.txt,56.4795
scan_235_56_0173mT.txt,56.0173
scan_236_55_6171mT.txt,55.6171
scan_237_55_4445mT.txt,55.4445
scan_238_55_6697mT.txt,55.6697
scan_239_56_4264mT.txt,56.4264
scan_240_57_7527mT.txt,57.7527
scan_241_59_5313mT.txt,59.5313
scan_242_61_4643mT.txt,61.4643
scan_243_63_1479mT.txt,63.1479
scan_244_64_2533mT.txt,64.2533
scan_245_64_6658mT.txt,64.6658
scan_246_64_4696mT.txt,64.4696
scan_247_63_849mT.txt,63.849
scan_248_63_0062mT.txt,63.0062
scan_249_62_1188mT.txt,62.1188
scan_250_61_3234mT.txt,61.3234
scan_251_60_7102mT.txt,60.7102
scan_252_60_3184mT.txt,60.3184
scan_253_60_1325mT.txt,60.1325
scan_254_60_08mT.txt,60.08
scan_255_60_0339mT.txt,60.0339
scan_256_59_8196mT.txt,59.8196
scan_257_59_236mT.txt,59.236
scan_258_58_1104mT.txt,58.1104
scan_259_56_3915mT.txt,56.3915
scan_260_54_2051mT.txt,54.2051
scan_261_51_7963mT.txt,51.7963
scan_262_49_4161mT.txt,49.4161
scan_263_47_255mT.txt,47.255
scan_264_45_4321mT.txt,45.4321
scan_265_44_0048mT.txt,44.0048
scan_266_42_9795mT.txt,42.9795
scan_267_42_3187mT.txt,42.3187
scan_268_41_9517mT.txt,41.9517
scan_269_41_7887mT.txt,41.7887
scan_270_41_7394mT.txt,41.7394
scan_271_41_7341mT.txt,41.7341
scan_272_41_7418mT.txt,41.7418
scan_273_41_7852mT.txt,41.7852
scan_274_41_9504mT.txt,41.9504
scan_275_42_389mT.txt,42.389
scan_276_43_294mT.txt,43.294
scan_277_44_8248mT.txt,44.8248
scan_278_46_9926mT.txt,46.9926
scan_279_49_6094mT.txt,49.6094
scan_280_52_3773mT.txt,52.3773
scan_281_55_0338mT.txt,55.0338
scan_282_57_4294mT.txt,57.4294
scan_283_59_5202mT.txt,59.5202
scan_284_61_327mT.txt,61.327
scan_285_62_8961mT.txt,62.8961
scan_286_64_2749mT.txt,64.2749
scan_287_65_5005mT.txt,65.5005
scan_288_66_5977mT.txt,66.5977
scan_289_67_5827mT.txt,67.5827
scan_290_68_4691mT.txt,68.4691
scan_291_69_2752mT.txt,69.2752
scan_292_70_0294mT.txt,70.0294
scan_293_70_7697mT.txt,70.7697
scan_294_71_5229mT.txt,71.5229
scan_295_72_2531mT.txt,72.2531
scan_296_72_8006mT.txt,72.8006
scan_297_72_8952mT.txt,72.8952
scan_298_72_2915mT.txt,72.2915
scan_299_70_905mT.txt,70.905
scan_300_68_8159mT.txt,68.8159
scan_301_66_1869mT.txt,66.1869
scan_302_63_1939mT.txt,63.1939
scan_303_59_9935mT.txt,59.9935
scan_304_56_7148mT.txt,56.7148
scan_305_53_4598mT.txt,53.4598
scan_306_50_3051mT.txt,50.3051
scan_307_47_3053mT.txt,47.3053
scan_308_44_4946mT.txt,44.4946
scan_309_41_89mT.txt,41.89
scan_310_39_4936mT.txt,39.4936
scan_311_37_2974mT.txt,37.2974
scan_312_35_2909mT.txt,35.2909
scan_313_33_4699mT.txt,33.4699
scan_314_31_8442mT.txt,31.8442
scan_315_30_4381mT.txt,30.4381
scan_316_29_2885mT.txt,29.2885
scan_317_28_4489mT.txt,28.4489
scan_318_28_0mT.txt,28.0
scan_319_28_0621mT.txt,28.0621
scan_320_28_7954mT.txt,28.7954
scan_321_30_3609mT.txt,30.3609
scan_322_32_8237mT.txt,32.8237
scan_323_36_0446mT.txt,36.0446
scan_324_39_6784mT.txt,39.6784
scan_325_43_3084mT.txt,43.3084
scan_326_46_599mT.txt,46.599
scan_327_49_3568mT.txt,49.3568
scan_328_51_5112mT.txt,51.5112
scan_329_53_0685mT.txt,53.0685
scan_330_54_075mT.txt,54.075
scan_331_54_5955mT.txt,54.5955
scan_332_54_7049mT.txt,54.7049
scan_333_54_4863mT.txt,54.4863
scan_334_54_0322mT.txt,54.0322
scan_335_53_4487mT.txt,53.4487
scan_336_52_8624mT.txt,52.8624
scan_337_52_4255mT.txt,52.4255
scan_338_52_3124mT.txt,52.3124
scan_339_52_6951mT.txt,52.6951
scan_340_53_6922mT.txt,53.6922
scan_341_55_3049mT.txt,55.3049
scan_342_57_3621mT.txt,57.3621
scan_343_59_5232mT.txt,59.5232
scan_344_61_3993mT.txt,61.3993
scan_345_62_7367mT.txt,62.7367
scan_346_63_4964mT.txt,63.4964
scan_347_63_7946mT.txt,63.7946
scan_348_63_807mT.txt,63.807
scan_349_63_7057mT.txt,63.7057
scan_350_63_6309mT.txt,63.6309
scan_351_63_6786mT.txt,63.6786
scan_352_63_8961mT.txt,63.8961
scan_353_64_2816mT.txt,64.2816
scan_354_64_788mT.txt,64.788
scan_355_65_3306mT.txt,65.3306
scan_356_65_7915mT.txt,65.7915
scan_357_66_0149mT.txt,66.0149
scan_358_65_8025mT.txt,65.8025
scan_359_64_9534mT.txt,64.9534
scan_360_63_3752mT.txt,63.3752
scan_361_61_1758mT.txt,61.1758
scan_362_58_6088mT.txt,58.6088
scan_363_55_9412mT.txt,55.9412
scan_364_53_3718mT.txt,53.3718
scan_365_51_0159mT.txt,51.0159
scan_366_48_9174mT.txt,48.9174
scan_367_47_0666mT.txt,47.0666
scan_368_45_4185mT.txt,45.4185
scan_369_43_9123mT.txt,43.9123
scan_370_42_489mT.txt,42.489
scan_371_41_1066mT.txt,41.1066
scan_372_39_7484mT.txt,39.7484
scan_373_38_4248mT.txt,38.4248
scan_374_37_1714mT.txt,37.1714
scan_375_36_0494mT.txt,36.0494
scan_376_35_1517mT.txt,35.1517
scan_377_34_61mT.txt,34.61
scan_378_34_5914mT.txt,34.5914
scan_379_35_2671mT.txt,35.2671
scan_380_36_7447mT.txt,36.7447
scan_381_38_9925mT.txt,38.9925
scan_382_41_823mT.txt,41.823
scan_383_44_9619mT.txt,44.9619
scan_384_48_1445mT.txt,48.1445
scan_385_51_1731mT.txt,51.1731
scan_386_53_9242mT.txt,53.9242
scan_387_56_3309mT.txt,56.3309
scan_388_58_362mT.txt,58.362
scan_389_60_0085mT.txt,60.0085
scan_390_61_2774mT.txt,61.2774
scan_391_62_1897mT.txt,62.1897
scan_392_62_7816mT.txt,62.7816
scan_393_63_1072mT.txt,63.1072
scan_394_63_2444mT.txt,63.2444
scan_395_63_3007mT.txt,63.3007
scan_396_63_413mT.txt,63.413
scan_397_63_7308mT.txt,63.7308
scan_398_64_3758mT.txt,64.3758
scan_399_65_3812mT.txt,65.3812
scan_400_66_6343mT.txt,66.6343
scan_401_67_8571mT.txt,67.8571
scan_402_68_6796mT.txt,68.6796
scan_403_68_797mT.txt,68.797
scan_404_68_0946mT.txt,68.0946
scan_405_66_6453mT.txt,66.6453
scan_406_64_6279mT.txt,64.6279
scan_407_62_2483mT.txt,62.2483
scan_408_59_6962mT.txt,59.6962
scan_409_57_1263mT.txt,57.1263
scan_410_54_6539mT.txt,54.6539
scan_411_52_3536mT.txt,52.3536
scan_412_50_2589mT.txt,50.2589
scan_413_48_3599mT.txt,48.3599
scan_414_46_6042mT.txt,46.6042
scan_415_44_9085mT.txt,44.9085
scan_416_43_1879mT.txt,43.1879
scan_417_41_3961mT.txt,41.3961
scan_418_39_5533mT.txt,39.5533
scan_419_37_7391mT.txt,37.7391
scan_420_36_0587mT.txt,36.0587
scan_421_34_6153mT.txt,34.6153
scan_422_33_5055mT.txt,33.5055
scan_423_32_8287mT.txt,32.8287
scan_424_32_6947mT.txt,32.6947
scan_425_33_2163mT.txt,33.2163
scan_426_34_4754mT.txt,34.4754
scan_427_36_4728mT.txt,36.4728
scan_428_39_0968mT.txt,39.0968
scan_429_42_1413mT.txt,42.1413
scan_430_45_3671mT.txt,45.3671
scan_431_48_5606mT.txt,48.5606
scan_432_51_5589mT.txt,51.5589
scan_433_54_2451mT.txt,54.2451
scan_434_56_5342mT.txt,56.5342
scan_435_58_3688mT.txt,58.3688
scan_436_59_725mT.txt,59.725
scan_437_60_6189mT.txt,60.6189
scan_438_61_1035mT.txt,61.1035
scan_439_61_2612mT.txt,61.2612
scan_440_61_198mT.txt,61.198
scan_441_61_0409mT.txt,61.0409
scan_442_60_9349mT.txt,60.9349
scan_443_61_0323mT.txt,61.0323
scan_444_61_4675mT.txt,61.4675
scan_445_62_3191mT.txt,62.3191
scan_446_63_563mT.txt,63.563
scan_447_65_0312mT.txt,65.0312
scan_448_66_4072mT.txt,66.4072
scan_449_67_3113mT.txt,67.3113
scan_450_67_4608mT.txt,67.4608
scan_451_66_7844mT.txt,66.7844
scan_452_65_4028mT.txt,65.4028
scan_453_63_5341mT.txt,63.5341
scan_454_61_4081mT.txt,61.4081
scan_455_59_2214mT.txt,59.2214
scan_456_57_1214mT.txt,57.1214
scan_457_55_2038mT.txt,55.2038
scan_458_53_5124mT.txt,53.5124
scan_459_52_0379mT.txt,52.0379
scan_460_50_7186mT.txt,50.7186
scan_461_49_4484mT.txt,49.4484
scan_462_48_1007mT.txt,48.1007
scan_463_46_5694mT.txt,46.5694
scan_464_44_8174mT.txt,44.8174
scan_465_42_9012mT.txt,42.9012
scan_466_40_9494mT.txt,40.9494
scan_467_39_1138mT.txt,39.1138
scan_468_37_5326mT.txt,37.5326
scan_469_36_3242mT.txt,36.3242
scan_470_35_5942mT.txt,35.5942
scan_471_35_4364mT.txt,35.4364
scan_472_35_9189mT.txt,35.9189
scan_473_37_0575mT.txt,37.0575
scan_474_38_797mT.txt,38.797
scan_475_41_0172mT.txt,41.0172
scan_476_43_5652mT.txt,43.5652
scan_477_46_2942mT.txt,46.2942
scan_478_49_086mT.txt,49.086
scan_479_51_8516mT.txt,51.8516
scan_480_54_5123mT.txt,54.5123
scan_481_56_9773mT.txt,56.9773
scan_482_59_1413mT.txt,59.1413
scan_483_60_912mT.txt,60.912
scan_484_62_245mT.txt,62.245
scan_485_63_1561mT.txt,63.1561
scan_486_63_7122mT.txt,63.7122
scan_487_64_0157mT.txt,64.0157
scan_488_64_1924mT.txt,64.1924
scan_489_64_3793mT.txt,64.3793
scan_490_64_7065mT.txt,64.7065
scan_491_65_2731mT.txt,65.2731
scan_492_66_1183mT.txt,66.1183
scan_493_67_1952mT.txt,67.1952
scan_494_68_3542mT.txt,68.3542
scan_495_69_3487mT.txt,69.3487
scan_496_69_8849mT.txt,69.8849
scan_497_69_7129mT.txt,69.7129
scan_498_68_7177mT.txt,68.7177
scan_499_66_9545mT.txt,66.9545
scan_500_64_607mT.txt,64.607
